{"assets/fonts/roboto/Roboto-Bold.ttf":["assets/fonts/roboto/Roboto-Bold.ttf"],"assets/fonts/roboto/Roboto-Regular.ttf":["assets/fonts/roboto/Roboto-Regular.ttf"],"assets/fonts/titillium/TitilliumWeb-Bold.ttf":["assets/fonts/titillium/TitilliumWeb-Bold.ttf"],"assets/fonts/titillium/TitilliumWeb-Italic.ttf":["assets/fonts/titillium/TitilliumWeb-Italic.ttf"],"assets/fonts/titillium/TitilliumWeb-Regular.ttf":["assets/fonts/titillium/TitilliumWeb-Regular.ttf"],"assets/fonts/titillium/TitilliumWeb-SemiBold.ttf":["assets/fonts/titillium/TitilliumWeb-SemiBold.ttf"],"assets/images/.DS_Store":["assets/images/.DS_Store"],"assets/images/about_us.png":["assets/images/about_us.png"],"assets/images/background.jpg":["assets/images/background.jpg"],"assets/images/bag.png":["assets/images/bag.png"],"assets/images/cart.png":["assets/images/cart.png"],"assets/images/cart_arrow_down.png":["assets/images/cart_arrow_down.png"],"assets/images/chat.png":["assets/images/chat.png"],"assets/images/chats.png":["assets/images/chats.png"],"assets/images/contact_us.png":["assets/images/contact_us.png"],"assets/images/coupon_banner.png":["assets/images/coupon_banner.png"],"assets/images/currency.png":["assets/images/currency.png"],"assets/images/delivery.png":["assets/images/delivery.png"],"assets/images/edit.png":["assets/images/edit.png"],"assets/images/edit_2.png":["assets/images/edit_2.png"],"assets/images/fast_delivery.png":["assets/images/fast_delivery.png"],"assets/images/filter.png":["assets/images/filter.png"],"assets/images/help_center.png":["assets/images/help_center.png"],"assets/images/home.png":["assets/images/home.png"],"assets/images/language.png":["assets/images/language.png"],"assets/images/login.png":["assets/images/login.png"],"assets/images/logo.png":["assets/images/logo.png"],"assets/images/logo_adalu_white.png":["assets/images/logo_adalu_white.png"],"assets/images/logo_with_name.png":["assets/images/logo_with_name.png"],"assets/images/logo_with_with_name.png":["assets/images/logo_with_with_name.png"],"assets/images/logoa.png":["assets/images/logoa.png"],"assets/images/logoallwhite.png":["assets/images/logoallwhite.png"],"assets/images/mastercard.png":["assets/images/mastercard.png"],"assets/images/message.png":["assets/images/message.png"],"assets/images/more.png":["assets/images/more.png"],"assets/images/more_filled.png":["assets/images/more_filled.png"],"assets/images/more_page_header.png":["assets/images/more_page_header.png"],"assets/images/no_data.png":["assets/images/no_data.png"],"assets/images/notification.png":["assets/images/notification.png"],"assets/images/notification_filled.png":["assets/images/notification_filled.png"],"assets/images/offers.png":["assets/images/offers.png"],"assets/images/onboarding_image_one.png":["assets/images/onboarding_image_one.png"],"assets/images/onboarding_image_three.png":["assets/images/onboarding_image_three.png"],"assets/images/onboarding_image_two.png":["assets/images/onboarding_image_two.png"],"assets/images/opps_internet.png":["assets/images/opps_internet.png"],"assets/images/paypal.png":["assets/images/paypal.png"],"assets/images/paytm.png":["assets/images/paytm.png"],"assets/images/placeholder.jpg":["assets/images/placeholder.jpg"],"assets/images/placeholder.png":["assets/images/placeholder.png"],"assets/images/preference.png":["assets/images/preference.png"],"assets/images/privacy_policy.png":["assets/images/privacy_policy.png"],"assets/images/settings.png":["assets/images/settings.png"],"assets/images/shopping.png":["assets/images/shopping.png"],"assets/images/toolbar_background.jpg":["assets/images/toolbar_background.jpg"],"assets/images/visa.png":["assets/images/visa.png"],"assets/images/wish.png":["assets/images/wish.png"],"assets/images/wishlist.png":["assets/images/wishlist.png"],"assets/language/ar.json":["assets/language/ar.json"],"assets/language/en.json":["assets/language/en.json"],"packages/cupertino_icons/assets/CupertinoIcons.ttf":["packages/cupertino_icons/assets/CupertinoIcons.ttf"],"packages/flutter_math_fork/lib/katex_fonts/fonts/KaTeX_AMS-Regular.ttf":["packages/flutter_math_fork/lib/katex_fonts/fonts/KaTeX_AMS-Regular.ttf"],"packages/flutter_math_fork/lib/katex_fonts/fonts/KaTeX_Caligraphic-Bold.ttf":["packages/flutter_math_fork/lib/katex_fonts/fonts/KaTeX_Caligraphic-Bold.ttf"],"packages/flutter_math_fork/lib/katex_fonts/fonts/KaTeX_Caligraphic-Regular.ttf":["packages/flutter_math_fork/lib/katex_fonts/fonts/KaTeX_Caligraphic-Regular.ttf"],"packages/flutter_math_fork/lib/katex_fonts/fonts/KaTeX_Fraktur-Bold.ttf":["packages/flutter_math_fork/lib/katex_fonts/fonts/KaTeX_Fraktur-Bold.ttf"],"packages/flutter_math_fork/lib/katex_fonts/fonts/KaTeX_Fraktur-Regular.ttf":["packages/flutter_math_fork/lib/katex_fonts/fonts/KaTeX_Fraktur-Regular.ttf"],"packages/flutter_math_fork/lib/katex_fonts/fonts/KaTeX_Main-Bold.ttf":["packages/flutter_math_fork/lib/katex_fonts/fonts/KaTeX_Main-Bold.ttf"],"packages/flutter_math_fork/lib/katex_fonts/fonts/KaTeX_Main-BoldItalic.ttf":["packages/flutter_math_fork/lib/katex_fonts/fonts/KaTeX_Main-BoldItalic.ttf"],"packages/flutter_math_fork/lib/katex_fonts/fonts/KaTeX_Main-Italic.ttf":["packages/flutter_math_fork/lib/katex_fonts/fonts/KaTeX_Main-Italic.ttf"],"packages/flutter_math_fork/lib/katex_fonts/fonts/KaTeX_Main-Regular.ttf":["packages/flutter_math_fork/lib/katex_fonts/fonts/KaTeX_Main-Regular.ttf"],"packages/flutter_math_fork/lib/katex_fonts/fonts/KaTeX_Math-BoldItalic.ttf":["packages/flutter_math_fork/lib/katex_fonts/fonts/KaTeX_Math-BoldItalic.ttf"],"packages/flutter_math_fork/lib/katex_fonts/fonts/KaTeX_Math-Italic.ttf":["packages/flutter_math_fork/lib/katex_fonts/fonts/KaTeX_Math-Italic.ttf"],"packages/flutter_math_fork/lib/katex_fonts/fonts/KaTeX_SansSerif-Bold.ttf":["packages/flutter_math_fork/lib/katex_fonts/fonts/KaTeX_SansSerif-Bold.ttf"],"packages/flutter_math_fork/lib/katex_fonts/fonts/KaTeX_SansSerif-Italic.ttf":["packages/flutter_math_fork/lib/katex_fonts/fonts/KaTeX_SansSerif-Italic.ttf"],"packages/flutter_math_fork/lib/katex_fonts/fonts/KaTeX_SansSerif-Regular.ttf":["packages/flutter_math_fork/lib/katex_fonts/fonts/KaTeX_SansSerif-Regular.ttf"],"packages/flutter_math_fork/lib/katex_fonts/fonts/KaTeX_Script-Regular.ttf":["packages/flutter_math_fork/lib/katex_fonts/fonts/KaTeX_Script-Regular.ttf"],"packages/flutter_math_fork/lib/katex_fonts/fonts/KaTeX_Size1-Regular.ttf":["packages/flutter_math_fork/lib/katex_fonts/fonts/KaTeX_Size1-Regular.ttf"],"packages/flutter_math_fork/lib/katex_fonts/fonts/KaTeX_Size2-Regular.ttf":["packages/flutter_math_fork/lib/katex_fonts/fonts/KaTeX_Size2-Regular.ttf"],"packages/flutter_math_fork/lib/katex_fonts/fonts/KaTeX_Size3-Regular.ttf":["packages/flutter_math_fork/lib/katex_fonts/fonts/KaTeX_Size3-Regular.ttf"],"packages/flutter_math_fork/lib/katex_fonts/fonts/KaTeX_Size4-Regular.ttf":["packages/flutter_math_fork/lib/katex_fonts/fonts/KaTeX_Size4-Regular.ttf"],"packages/flutter_math_fork/lib/katex_fonts/fonts/KaTeX_Typewriter-Regular.ttf":["packages/flutter_math_fork/lib/katex_fonts/fonts/KaTeX_Typewriter-Regular.ttf"],"packages/fluttertoast/assets/toastify.css":["packages/fluttertoast/assets/toastify.css"],"packages/fluttertoast/assets/toastify.js":["packages/fluttertoast/assets/toastify.js"],"packages/wakelock_web/assets/no_sleep.js":["packages/wakelock_web/assets/no_sleep.js"]}